GET	/api/v1/admin/agentrules	agent_rules_list	admin_http.rs
POST	/api/v1/admin/agentrules	agent_rules_add	admin_http.rs
POST	/api/v1/admin/agentrules/delete	agent_rules_del	admin_http.rs
GET	/api/v1/admin/appeals	appeal_queue	gaps_http.rs
POST	/api/v1/admin/appeals/handle	appeal_handle	gaps_http.rs
GET	/api/v1/admin/attendance	admin_attendance	admin_p3_http.rs
DELETE	/api/v1/admin/attendance/makeup	admin_attendance_makeup_delete	admin_p3_http.rs
POST	/api/v1/admin/attendance/makeup	admin_attendance_makeup	admin_p3_http.rs
GET	/api/v1/admin/audit	audit_query	admin_http.rs
POST	/api/v1/admin/bans/by-ip/delete	admin_ban_delete_by_ip	admin_p3_http.rs
PUT	/api/v1/admin/categories/{id}/flags	category_flags	admin_p3_http.rs
GET	/api/v1/admin/cheaters	cheaters_scan	admin_http.rs
GET	/api/v1/admin/claims	admin_claims	admin_p2_http.rs
POST	/api/v1/admin/claims/release	admin_claim_release	admin_p2_http.rs
GET	/api/v1/admin/deny-reasons	deny_reasons_list	admin_http.rs
POST	/api/v1/admin/deny-reasons	deny_reasons_add	admin_http.rs
DELETE	/api/v1/admin/deny-reasons/{id}	deny_reasons_delete	admin_http.rs
PUT	/api/v1/admin/deny-reasons/{id}	deny_reasons_update	admin_http.rs
GET	/api/v1/admin/forums	forum_admin_list	admin_http.rs
POST	/api/v1/admin/forums	forum_admin_create	admin_http.rs
DELETE	/api/v1/admin/forums/{id}	forum_admin_delete	admin_http.rs
PUT	/api/v1/admin/forums/{id}	forum_admin_update	admin_http.rs
POST	/api/v1/admin/forums/{id}/mods	forum_mod_add	admin_http.rs
DELETE	/api/v1/admin/forums/{id}/mods/{user_id}	forum_mod_remove	admin_http.rs
POST	/api/v1/admin/hr/batch-pardon	hr_batch_pardon	admin_p3_http.rs
POST	/api/v1/admin/hr/pardon	hr_pardon	gaps_http.rs
GET	/api/v1/admin/hr/records	hr_records	admin_p3_http.rs
POST	/api/v1/admin/increment-bulk	increment_bulk	admin_p3_http.rs
GET	/api/v1/admin/invites	admin_invites	admin_p3_http.rs
GET	/api/v1/admin/jixiao-types	jixiao_types_list	admin_p3_http.rs
POST	/api/v1/admin/jixiao-types	jixiao_type_add	admin_p3_http.rs
DELETE	/api/v1/admin/jixiao-types/{id}	jixiao_type_delete	admin_p3_http.rs
PUT	/api/v1/admin/jixiao-types/{id}	jixiao_type_update	admin_p3_http.rs
GET	/api/v1/admin/login-logs	admin_login_logs	admin_http.rs
GET	/api/v1/admin/medals	admin_medals	admin_p3_http.rs
POST	/api/v1/admin/medals	admin_medal_add	admin_p3_http.rs
DELETE	/api/v1/admin/medals/{id}	admin_medal_delete	admin_p3_http.rs
PUT	/api/v1/admin/medals/{id}	admin_medal_update	admin_p3_http.rs
GET	/api/v1/admin/menu-items	menu_items_list	admin_p2_http.rs
POST	/api/v1/admin/menu-items	menu_items_add	admin_p2_http.rs
DELETE	/api/v1/admin/menu-items/{id}	menu_items_delete	admin_p2_http.rs
PUT	/api/v1/admin/menu-items/{id}	menu_items_update	admin_p2_http.rs
PUT	/api/v1/admin/menu-settings	menu_settings_update	admin_p2_http.rs
GET	/api/v1/admin/message-templates	msg_templates_list	admin_p2_http.rs
POST	/api/v1/admin/message-templates	admin_template_create	admin_p3_http.rs
POST	/api/v1/admin/message-templates/preview	msg_templates_preview	admin_p2_http.rs
DELETE	/api/v1/admin/message-templates/{id}	admin_template_delete	admin_p3_http.rs
PUT	/api/v1/admin/message-templates/{id}	msg_templates_update	admin_p2_http.rs
GET	/api/v1/admin/modify-logs	admin_modify_logs	admin_p3_http.rs
GET	/api/v1/admin/overview	admin_overview	admin_http.rs
GET	/api/v1/admin/permission-matrix	permission_matrix	admin_http.rs
PUT	/api/v1/admin/permission-matrix	permission_matrix_update	admin_http.rs
GET	/api/v1/admin/plugins	plugins_overview	ops_http.rs
GET	/api/v1/admin/rename-logs	admin_rename_logs	admin_p3_http.rs
GET	/api/v1/admin/reports	report_queue	admin_http.rs
POST	/api/v1/admin/reports/resolve	report_resolve	admin_http.rs
GET	/api/v1/admin/reviews	review_queue	admin_http.rs
POST	/api/v1/admin/reviews/decide	review_decide	admin_http.rs
GET	/api/v1/admin/roles	role_list	admin_http.rs
POST	/api/v1/admin/roles	role_create	admin_http.rs
POST	/api/v1/admin/roles	roles_dict_add	admin_p3_http.rs
GET	/api/v1/admin/roles-dict	roles_dict_list	admin_p3_http.rs
DELETE	/api/v1/admin/roles/{key}	roles_dict_delete	admin_p3_http.rs
PUT	/api/v1/admin/roles/{key}	roles_dict_update	admin_p3_http.rs
GET	/api/v1/admin/section-dict	section_dict_admin	admin_p3_http.rs
POST	/api/v1/admin/section-dict	section_dict_add	admin_p3_http.rs
DELETE	/api/v1/admin/section-dict/{id}	section_dict_delete	admin_p3_http.rs
PUT	/api/v1/admin/section-dict/{id}	section_dict_update	admin_p3_http.rs
GET	/api/v1/admin/section-modes	section_modes_list	admin_p3_http.rs
POST	/api/v1/admin/section-modes	section_mode_add	admin_p3_http.rs
DELETE	/api/v1/admin/section-modes/{id}	section_mode_delete	admin_p3_http.rs
PUT	/api/v1/admin/section-modes/{id}	section_mode_update	admin_p3_http.rs
GET	/api/v1/admin/settings	site_settings_get	admin_http.rs
PUT	/api/v1/admin/settings	site_settings_put	admin_http.rs
GET	/api/v1/admin/settings/export	settings_export	settings_http.rs
PUT	/api/v1/admin/settings/groups	settings_groups_put	settings_http.rs
GET	/api/v1/admin/settings/history	settings_history	settings_http.rs
POST	/api/v1/admin/settings/import	settings_import	settings_http.rs
GET	/api/v1/admin/settings/schema	settings_schema	settings_http.rs
POST	/api/v1/admin/settings/validate	settings_validate	settings_http.rs
GET	/api/v1/admin/shop-items	admin_shop_items	admin_p3_http.rs
POST	/api/v1/admin/shop-items	admin_shop_item_add	admin_p3_http.rs
DELETE	/api/v1/admin/shop-items/{id}	admin_shop_item_delete	admin_p3_http.rs
PUT	/api/v1/admin/shop-items/{id}	admin_shop_item_update	admin_p3_http.rs
GET	/api/v1/admin/spark-logs	admin_spark_logs	admin_http.rs
GET	/api/v1/admin/staffpanel	staff_panel	admin_http.rs
GET	/api/v1/admin/sticky-promos	sticky_promos_list	admin_p2_http.rs
POST	/api/v1/admin/sticky-promos	sticky_promos_add	admin_p2_http.rs
DELETE	/api/v1/admin/sticky-promos/{id}	sticky_promos_delete	admin_p2_http.rs
PUT	/api/v1/admin/sticky-promos/{id}	sticky_promos_update	admin_p2_http.rs
GET	/api/v1/admin/tags-dict	tags_dict_list	admin_p3_http.rs
POST	/api/v1/admin/tags-dict	tags_dict_add	admin_p3_http.rs
DELETE	/api/v1/admin/tags-dict/{id}	tags_dict_delete	admin_p3_http.rs
PUT	/api/v1/admin/tags-dict/{id}	tags_dict_update	admin_p3_http.rs
GET	/api/v1/admin/tasks	tasks_list	admin_p3_http.rs
POST	/api/v1/admin/tasks	task_add	admin_p3_http.rs
DELETE	/api/v1/admin/tasks/{id}	task_delete	admin_p3_http.rs
PUT	/api/v1/admin/tasks/{id}	task_update	admin_p3_http.rs
GET	/api/v1/admin/torrent-buys	admin_torrent_buys	admin_http.rs
GET	/api/v1/admin/torrent-ops	torrent_op_logs	admin_http.rs
GET	/api/v1/admin/torrents	admin_torrent_list	admin_http.rs
POST	/api/v1/admin/torrents/batch	torrent_batch	admin_p3_http.rs
GET	/api/v1/admin/tracker-urls	tracker_urls_list	admin_p3_http.rs
POST	/api/v1/admin/tracker-urls	tracker_url_add	admin_p3_http.rs
DELETE	/api/v1/admin/tracker-urls/{id}	tracker_url_delete	admin_p3_http.rs
PUT	/api/v1/admin/tracker-urls/{id}	tracker_url_update	admin_p3_http.rs
GET	/api/v1/admin/user-medals	admin_user_medals	admin_p3_http.rs
POST	/api/v1/admin/user-medals/delete	admin_user_medal_revoke	admin_p3_http.rs
GET	/api/v1/admin/user-permissions	user_permission_view	admin_http.rs
PUT	/api/v1/admin/user-permissions	user_permission_set	admin_http.rs
GET	/api/v1/admin/user-props	admin_user_props	admin_p3_http.rs
DELETE	/api/v1/admin/user-props/{order_id}	admin_user_prop_revoke	admin_p3_http.rs
GET	/api/v1/admin/user-roles	user_role_list	admin_http.rs
POST	/api/v1/admin/user-roles	user_role_grant	admin_http.rs
DELETE	/api/v1/admin/user-roles/{user_id}/{role_key}	user_role_revoke	admin_http.rs
GET	/api/v1/admin/users	user_admin_list	admin_http.rs
POST	/api/v1/admin/users/adjust	user_adjust	admin_http.rs
POST	/api/v1/admin/users/batch	admin_users_batch	admin_p3_http.rs
POST	/api/v1/admin/users/class	user_set_class	admin_http.rs
PUT	/api/v1/admin/users/flags	user_flags	admin_http.rs
POST	/api/v1/admin/users/status	user_set_status	admin_http.rs
DELETE	/api/v1/admin/users/{id}	user_admin_delete	admin_http.rs
GET	/api/v1/admin/users/{id}	user_admin_detail	admin_http.rs
POST	/api/v1/admin/users/{id}/grant-item/{item_id}	user_grant_item	admin_http.rs
POST	/api/v1/admin/users/{id}/jixiao	user_assign_jixiao	admin_http.rs
POST	/api/v1/admin/users/{id}/medal/{medal_id}	user_grant_medal	admin_http.rs
POST	/api/v1/admin/users/{id}/rename	admin_user_rename	admin_p3_http.rs
GET	/api/v1/admin/users/{id}/snatches	user_admin_snatches	admin_http.rs
POST	/api/v1/admin/adduser	admin_add_user	http.rs
GET	/api/v1/admin/ads	ad_list	http.rs
POST	/api/v1/admin/ads	ad_create	http.rs
DELETE	/api/v1/admin/ads/{id}	ad_delete	http.rs
PUT	/api/v1/admin/ads/{id}	ad_update	http.rs
PUT	/api/v1/admin/ads/{id}/toggle	ad_toggle	http.rs
GET	/api/v1/admin/allagents	all_agents	http.rs
POST	/api/v1/admin/amountbonus	admin_amount_bonus	http.rs
POST	/api/v1/admin/amountupload	admin_amount_upload	http.rs
GET	/api/v1/admin/bans	ban_list	http.rs
POST	/api/v1/admin/bans	ban_create	http.rs
DELETE	/api/v1/admin/bans/{id}	ban_delete	http.rs
GET	/api/v1/admin/categories	category_list	http.rs
POST	/api/v1/admin/categories	category_create	http.rs
DELETE	/api/v1/admin/categories/{id}	category_delete	http.rs
PUT	/api/v1/admin/categories/{id}	category_update	http.rs
POST	/api/v1/admin/clearcache	clear_cache	http.rs
GET	/api/v1/admin/dbstats	db_stats	http.rs
POST	/api/v1/admin/deletedisabled	admin_delete_disabled	http.rs
POST	/api/v1/admin/docleanup	do_cleanup	http.rs
GET	/api/v1/admin/emailbans	emailban_list	http.rs
POST	/api/v1/admin/emailbans	emailban_create	http.rs
DELETE	/api/v1/admin/emailbans/{id}	emailban_delete	http.rs
POST	/api/v1/admin/faq	faq_create	http.rs
DELETE	/api/v1/admin/faq/{id}	faq_delete	http.rs
PUT	/api/v1/admin/faq/{id}	faq_update	http.rs
DELETE	/api/v1/admin/freeleech	freeleech_clear	http.rs
GET	/api/v1/admin/freeleech	freeleech_list	http.rs
POST	/api/v1/admin/freeleech	freeleech_set	http.rs
DELETE	/api/v1/admin/freeleech/{id}	freeleech_delete	http.rs
PUT	/api/v1/admin/freeleech/{id}	freeleech_update	http.rs
GET	/api/v1/admin/ipcheck	ipcheck	http.rs
GET	/api/v1/admin/links	link_admin_list	http.rs
DELETE	/api/v1/admin/links/{id}	link_delete	http.rs
PUT	/api/v1/admin/links/{id}	link_update	http.rs
GET	/api/v1/admin/locations	locations	http.rs
GET	/api/v1/admin/massmail	massmail_list	http.rs
POST	/api/v1/admin/massmail	massmail_send	http.rs
GET	/api/v1/admin/maxlogin	maxlogin	http.rs
POST	/api/v1/admin/news	news_create	http.rs
DELETE	/api/v1/admin/news/{id}	news_delete	http.rs
PUT	/api/v1/admin/news/{id}	news_update	http.rs
GET	/api/v1/admin/notconnectable	not_connectable	http.rs
GET	/api/v1/admin/polloverview	poll_overview	http.rs
POST	/api/v1/admin/resetpass	admin_reset_pass	http.rs
POST	/api/v1/admin/rules	rule_create	http.rs
DELETE	/api/v1/admin/rules/{id}	rule_delete	http.rs
PUT	/api/v1/admin/rules/{id}	rule_update	http.rs
GET	/api/v1/admin/site-type-packs	site_type_pack_list	http.rs
POST	/api/v1/admin/site-type-packs/apply	site_type_pack_apply	http.rs
POST	/api/v1/admin/staffmess	staffmess_send	http.rs
GET	/api/v1/admin/stats	admin_stats	http.rs
GET	/api/v1/admin/syslog	sys_log	http.rs
GET	/api/v1/admin/testip	test_ip	http.rs
GET	/api/v1/admin/uploaders	uploaders	http.rs
GET	/api/v1/admin/warned	warned_list	http.rs
POST	/api/v1/admin/warned	warn_user	http.rs
DELETE	/api/v1/admin/warned/{user_id}	unwarn_user	http.rs
POST	/api/v1/auth/login	login	http.rs
POST	/api/v1/auth/logout	logout	http.rs
POST	/api/v1/auth/register	register	http.rs
GET	/api/v1/avatar-frames	frame_list	http.rs
GET	/api/v1/contests	contest_list	http.rs
POST	/api/v1/contests/{id}/join	contest_join	http.rs
POST	/api/v1/donate/order	donate_order	http.rs
GET	/api/v1/donate/state	donate_state	http.rs
POST	/api/v1/donate/topup	donate_topup	http.rs
GET	/api/v1/faq	faq_list	http.rs
GET	/api/v1/fun/items	fun_items	http.rs
POST	/api/v1/fun/items	fun_item_create	http.rs
POST	/api/v1/fun/items/vote	fun_item_vote	http.rs
DELETE	/api/v1/fun/items/{id}	fun_item_delete	http.rs
PUT	/api/v1/fun/items/{id}	fun_item_update	http.rs
PUT	/api/v1/fun/items/{id}/status	fun_item_set_status	http.rs
POST	/api/v1/gomoku/games	gomoku_create	http.rs
GET	/api/v1/gomoku/games/{id}	gomoku_get	http.rs
POST	/api/v1/gomoku/games/{id}/join	gomoku_join	http.rs
POST	/api/v1/gomoku/games/{id}/move	gomoku_move	http.rs
GET	/api/v1/health	health	http.rs
GET	/api/v1/home	home_sections	http.rs
POST	/api/v1/internal/announce-batch	announce_stats	http.rs
GET	/api/v1/invites	list_invites_handler	http.rs
POST	/api/v1/invites	issue_invite_handler	http.rs
POST	/api/v1/invites/redeem	redeem_invite_handler	http.rs
POST	/api/v1/links/apply	link_apply	http.rs
GET	/api/v1/me	me	http.rs
PUT	/api/v1/me/avatar-frame	frame_equip	http.rs
GET	/api/v1/me/bookmarks	my_bookmarks	http.rs
GET	/api/v1/me/overview	me_overview	http.rs
POST	/api/v1/me/passkey/rotate	rotate_passkey	http.rs
POST	/api/v1/me/password/change	me_password_change	http.rs
GET	/api/v1/me/settings	me_settings_get	http.rs
PUT	/api/v1/me/settings	me_settings_put	http.rs
GET	/api/v1/me/torrentlist	my_torrentlist	http.rs
GET	/api/v1/medal-wall	medal_wall	http.rs
POST	/api/v1/reports	report_create	http.rs
GET	/api/v1/rss-info	rss_info	http.rs
GET	/api/v1/rules-content	rules_content	http.rs
GET	/api/v1/seed-stats	seed_stats	http.rs
GET	/api/v1/site-profile	site_profile	http.rs
GET	/api/v1/stats	stats	http.rs
GET	/api/v1/torrents	list	http.rs
POST	/api/v1/torrents	upload	http.rs
DELETE	/api/v1/torrents/{id}	delete_torrent	http.rs
GET	/api/v1/torrents/{id}	detail	http.rs
PUT	/api/v1/torrents/{id}	edit_torrent	http.rs
PUT	/api/v1/torrents/{id}/bookmark	do_bookmark	http.rs
GET	/api/v1/torrents/{id}/comments	comments	http.rs
POST	/api/v1/torrents/{id}/comments	create_comment	http.rs
GET	/api/v1/torrents/{id}/detail	torrent_detail_ext	http.rs
GET	/api/v1/torrents/{id}/download	download	http.rs
GET	/api/v1/torrents/{id}/files	torrent_files	http.rs
GET	/api/v1/torrents/{id}/nfo	torrent_nfo	http.rs
POST	/api/v1/torrents/{id}/reseed	request_reseed	http.rs
GET	/api/v1/torrents/{id}/snatches	torrent_snatches	http.rs
GET	/api/v1/torrents/{id}/tags	torrent_tags	http.rs
PUT	/api/v1/torrents/{id}/tags	torrent_tag_put	http.rs
GET	/api/v1/torrents/{id}/thanks	torrent_thanks	http.rs
POST	/api/v1/torrents/{id}/thanks	do_thank	http.rs
GET	/api/v1/users/{id}	user_public_profile	http.rs
POST	/api/v1/appeals	appeal_create	gaps_http.rs
GET	/api/v1/attendance	checkin_status	economy_http.rs
POST	/api/v1/attendance/checkin	checkin	economy_http.rs
POST	/api/v1/attendance/resub	resub_use	gaps_http.rs
GET	/api/v1/auth/ban-log	ban_log	gaps_http.rs
GET	/api/v1/auth/captcha	captcha_issue	gaps_http.rs
POST	/api/v1/auth/confirm/resend	confirm_resend	gaps_http.rs
POST	/api/v1/auth/password/forgot	password_forgot	gaps_http.rs
POST	/api/v1/auth/password/reset	password_reset	gaps_http.rs
POST	/api/v1/bank/demand/deposit	demand_deposit	economy_http.rs
POST	/api/v1/bank/demand/withdraw	demand_withdraw	economy_http.rs
POST	/api/v1/bank/deposit	bank_deposit	economy_http.rs
GET	/api/v1/bank/deposits	bank_list	economy_http.rs
POST	/api/v1/bank/loan/apply	loan_apply	economy_http.rs
POST	/api/v1/bank/loan/repay	loan_repay	economy_http.rs
GET	/api/v1/bank/overview	bank_overview	economy_http.rs
POST	/api/v1/bank/withdraw	bank_withdraw	economy_http.rs
GET	/api/v1/classes	class_rules_list	gaps_http.rs
POST	/api/v1/contactstaff	contact_staff	community_http.rs
GET	/api/v1/dressup/list	dressup_list	economy_http.rs
POST	/api/v1/dressup/wear	dressup_wear	economy_http.rs
GET	/api/v1/farm	farm_overview	games_http.rs
POST	/api/v1/farm/harvest	farm_harvest	games_http.rs
POST	/api/v1/farm/plant	farm_plant	games_http.rs
POST	/api/v1/farm/water	farm_water	games_http.rs
GET	/api/v1/forums	forum_list	community_http.rs
DELETE	/api/v1/forums/posts/{id}	post_delete	community_http.rs
PUT	/api/v1/forums/posts/{id}	post_edit	community_http.rs
POST	/api/v1/forums/topics	topic_create	community_http.rs
DELETE	/api/v1/forums/topics/{id}	topic_delete	community_http.rs
GET	/api/v1/forums/topics/{id}	topic_detail	community_http.rs
POST	/api/v1/forums/topics/{id}/manage	topic_manage	community_http.rs
POST	/api/v1/forums/topics/{id}/reply	post_reply	community_http.rs
GET	/api/v1/forums/{id}/topics	topic_list	community_http.rs
GET	/api/v1/friends	friend_list	community_http.rs
POST	/api/v1/friends	friend_add	community_http.rs
GET	/api/v1/fun/polls	fun_polls	games_http.rs
POST	/api/v1/fun/vote	fun_vote	games_http.rs
GET	/api/v1/games	games_overview	games_http.rs
POST	/api/v1/games/bigsmall	guess_bigsmall	games_http.rs
POST	/api/v1/games/jgg	jgg	games_http.rs
POST	/api/v1/games/scratch	scratch	games_http.rs
POST	/api/v1/jixiao/claim	jixiao_claim	ops_http.rs
GET	/api/v1/jixiao/my	jixiao_my	ops_http.rs
GET	/api/v1/jixiao/types	jixiao_types	ops_http.rs
GET	/api/v1/magic-pool	pool_status	economy_http.rs
POST	/api/v1/magic-pool/donate	pool_donate	economy_http.rs
POST	/api/v1/me/2fa/disable	totp_disable	twofa_http.rs
POST	/api/v1/me/2fa/enable	totp_enable	twofa_http.rs
POST	/api/v1/me/2fa/setup	totp_setup	twofa_http.rs
GET	/api/v1/me/appeals	appeal_my	gaps_http.rs
GET	/api/v1/me/class-progress	my_class_progress	gaps_http.rs
GET	/api/v1/me/hr	my_hr	community_http.rs
GET	/api/v1/me/hr	my_hr_status	gaps_http.rs
POST	/api/v1/me/hr/pardon	hr_self_pardon	gaps_http.rs
GET	/api/v1/me/medals	my_medals	community_http.rs
GET	/api/v1/me/spark	my_spark	economy_http.rs
GET	/api/v1/me/spark/ledger	my_ledger	economy_http.rs
POST	/api/v1/me/tg-bind	tg_bind	twofa_http.rs
GET	/api/v1/me/tokens	token_list	openapi_http.rs
POST	/api/v1/me/tokens	token_issue	openapi_http.rs
POST	/api/v1/me/tokens/revoke	token_revoke	openapi_http.rs
GET	/api/v1/medals	medal_list	community_http.rs
POST	/api/v1/medals/buy	medal_buy	community_http.rs
POST	/api/v1/medals/gift	medal_gift	community_http.rs
PUT	/api/v1/medals/wear	medal_wear	community_http.rs
GET	/api/v1/menu-items	menu_items_public	admin_p2_http.rs
POST	/api/v1/messages	message_send	community_http.rs
GET	/api/v1/messages/boxes	message_boxes	community_http.rs
POST	/api/v1/messages/boxes	message_box_upsert	community_http.rs
POST	/api/v1/messages/delete	message_delete	community_http.rs
GET	/api/v1/messages/inbox	message_inbox	community_http.rs
POST	/api/v1/messages/markread	message_markread	community_http.rs
POST	/api/v1/messages/move	message_move	community_http.rs
GET	/api/v1/messages/sent	message_sent	community_http.rs
GET	/api/v1/messages/staff	message_staff	community_http.rs
GET	/api/v1/offers	offer_list	content_http.rs
POST	/api/v1/offers	offer_create	content_http.rs
POST	/api/v1/offers/promote	offer_promote	content_http.rs
POST	/api/v1/offers/vote	offer_vote	content_http.rs
GET	/api/v1/open/recent	open_recent_torrents	openapi_http.rs
GET	/api/v1/openapi.json	openapi_spec	openapi_http.rs
GET	/api/v1/preserve	preserve_list	ops_http.rs
POST	/api/v1/preserve/claim	preserve_claim	ops_http.rs
POST	/api/v1/push/subscribe	subscribe	push_http.rs
POST	/api/v1/push/test	push_test	push_http.rs
POST	/api/v1/push/unsubscribe	unsubscribe	push_http.rs
GET	/api/v1/push/vapid-key	vapid_public_key	push_http.rs
GET	/api/v1/requests	request_list	content_http.rs
POST	/api/v1/requests	request_create	content_http.rs
POST	/api/v1/requests/fulfill	request_fulfill	content_http.rs
GET	/api/v1/rss/{passkey}	rss_feed	rss_http.rs
GET	/api/v1/rules/box	box_rules	twofa_http.rs
GET	/api/v1/section-dict	section_dict_public	admin_p3_http.rs
POST	/api/v1/shop/buy	shop_buy	economy_http.rs
GET	/api/v1/shop/items	shop_items	economy_http.rs
GET	/api/v1/shoutbox	shoutbox_list	community_http.rs
POST	/api/v1/shoutbox	shoutbox_send	community_http.rs
GET	/api/v1/staffmessages	staff_messages	community_http.rs
POST	/api/v1/staffmessages/answer	staff_answer	community_http.rs
POST	/api/v1/staffmessages/delete	staff_delete	community_http.rs
POST	/api/v1/staffmessages/mark	staff_mark	community_http.rs
GET	/api/v1/sticky-promos	sticky_promos_public	admin_p2_http.rs
GET	/api/v1/subtitles	subtitle_list	content_http.rs
POST	/api/v1/subtitles	subtitle_upload	content_http.rs
GET	/api/v1/tasks	task_list	ops_http.rs
POST	/api/v1/tasks/claim	task_claim	ops_http.rs
GET	/api/v1/tasks/overview	task_overview	ops_http.rs
GET	/api/v1/textbooks	textbook_list	content_http.rs
POST	/api/v1/textbooks/link	textbook_link	content_http.rs
GET	/api/v1/top/boards	top_boards	content_http.rs
